dataset_split,player_id,player,final_team_name,final_season,draft_year,OVERALL_PICK,ROUND,SELECTION,target_top40_ppg_within_3yrs,BIRTHDATE,AGE_ON_DRAFT_DAY,HEIGHT,WEIGHT,HAND_SIZE,ARM_LENGTH,WINGSPAN,FORTY_TIME,TEN_SPLIT,TWENTY_SPLIT,VERTICAL,BROAD,SHUTTLE,THREE_CONE,BENCH,SPEED,SOURCE,NOTES
holdout,170273,Carnell Tate,OHIO STATE,2025,2026,6.0,1.0,6.0,,,,74.25,192.0,10.25,31.75,78.0,4.53,1.61,,,,,,,,combine-results-2026-WR.csv,
holdout,174150,Makai Lemon,USC,2025,2026,11.0,1.0,11.0,,,,71.0,192.0,8.75,30.5,73.25,,,,,,,,,,combine-results-2026-WR.csv,
holdout,157690,Jordyn Tyson,ARIZONA ST,2025,2026,16.0,1.0,16.0,,,,74.125,203.0,9.125,30.25,75.25,,,,,,,,26.0,,combine-results-2026-WR.csv,
holdout,156395,Omar Cooper Jr.,INDIANA,2025,2026,26.0,1.0,26.0,,,,72.125,199.0,9.625,30.25,75.25,4.42,1.55,,37.0,,,,,,combine-results-2026-WR.csv,
holdout,170362,Kevin Concepcion,TEXAS A&M,2025,2026,27.0,1.0,27.0,,,,71.625,196.0,9.25,30.25,74.875,,,,,,,,,,combine-results-2026-WR.csv,
holdout,162481,Denzel Boston,WASHINGTON,2025,2026,29.0,1.0,29.0,,,,75.625,212.0,9.75,32.0,77.375,,,,35.0,,4.28,,,,combine-results-2026-WR.csv,
holdout,158374,Germie Bernard,ALABAMA,2025,2026,40.0,2.0,8.0,,,,73.25,206.0,9.875,30.375,74.875,4.48,1.52,,32.5,125.0,4.31,6.71,,,combine-results-2026-WR.csv,
holdout,174142,Zachariah Branch,GEORGIA,2025,2026,42.0,2.0,10.0,,,,68.625,177.0,9.0,29.375,72.375,4.35,1.5,,38.0,125.0,,,20.0,,combine-results-2026-WR.csv,
holdout,156241,Antonio Williams,CLEMSON,2025,2026,54.0,2.0,22.0,,,,71.5,187.0,9.25,30.75,76.0,4.41,1.55,,39.5,124.0,,7.0,10.0,,combine-results-2026-WR.csv,
holdout,156321,Chris Bell,LOUISVILLE,2025,2026,66.0,3.0,2.0,,,,73.875,222.0,10.0,31.75,76.75,,,,,,,,,,combine-results-2026-WR.csv,
holdout,151069,Malachi Fields,NOTRE DAME,2025,2026,71.0,3.0,7.0,,,,76.5,218.0,9.0,32.125,79.0,4.61,1.63,,38.0,124.0,4.35,6.98,,,combine-results-2026-WR.csv,
holdout,145107,Deion Burks,OKLAHOMA,2025,2026,79.0,3.0,15.0,,,,69.75,180.0,9.5,29.375,72.75,4.3,1.49,,42.5,131.0,,,26.0,,combine-results-2026-WR.csv,
holdout,145163,Skyler Bell,UCONN,2025,2026,89.0,3.0,25.0,,,,71.625,192.0,10.0,31.125,,4.4,1.53,,41.0,133.0,,,,,combine-results-2026-WR.csv,
holdout,146508,De'Zhaun Stribling,OLE MISS,2025,2026,93.0,3.0,29.0,,,,74.0,207.0,10.0,31.625,,4.36,1.52,,36.0,127.0,,,,,combine-results-2026-WR.csv,
holdout,159499,Elijah Sarratt,INDIANA,2025,2026,94.0,3.0,30.0,,,,74.5,210.0,10.0,31.25,75.75,,,,,,,,,,combine-results-2026-WR.csv,
holdout,187922,Ted Hurst,GA STATE,2025,2026,97.0,3.0,33.0,,,,75.0,206.0,9.75,32.625,,4.42,1.55,,36.5,135.0,,,,,combine-results-2026-WR.csv,
holdout,158409,Chris Brazzell II,TENNESSEE,2025,2026,99.0,3.0,35.0,,,,76.0,198.0,9.0,32.375,80.125,4.37,1.52,,,,,,,,combine-results-2026-WR.csv,
holdout,163865,Brenen Thompson,MISS STATE,2025,2026,104.0,4.0,4.0,,,,69.0,164.0,9.0,29.375,,4.26,1.54,,,,,,,,combine-results-2026-WR.csv,
holdout,154188,Jeff Caldwell,CINCINNATI,2025,2026,113.0,4.0,13.0,,,,77.0,216.0,9.75,32.625,,4.31,1.48,,42.0,134.0,,,,,combine-results-2026-WR.csv,
holdout,144513,Josh Cameron,BAYLOR,2025,2026,124.0,4.0,24.0,,,,73.5,220.0,10.25,33.125,,,,,,,,,,,combine-results-2026-WR.csv,
holdout,176638,Ja'Kobi Lane,USC,2025,2026,131.0,4.0,31.0,,,,76.0,200.0,10.5,32.625,,4.47,1.58,,40.0,129.0,,,,,combine-results-2026-WR.csv,
holdout,160756,Kevin Coleman,MISSOURI,2025,2026,149.0,5.0,10.0,,,,70.25,179.0,9.5,30.0,,4.49,1.62,,38.5,126.0,,,,,combine-results-2026-WR.csv,
holdout,145976,Eric McAlister,TCU,2025,2026,152.0,5.0,13.0,,,,76.0,194.0,9.75,32.625,,,,,,,,,,,combine-results-2026-WR.csv,
holdout,146288,J.Michael Sturdivant,FLORIDA,2025,2026,154.0,5.0,15.0,,,,75.0,207.0,9.5,32.875,,4.4,1.54,,39.0,131.0,,,,,combine-results-2026-WR.csv,
holdout,158022,Reggie Virgil,TEXAS TECH,2025,2026,181.0,5.0,42.0,,,,75.0,187.0,9.25,31.25,,4.57,1.51,,36.0,127.0,,,,,combine-results-2026-WR.csv,
holdout,144279,Eric Rivers,GA TECH,2025,2026,195.0,6.0,16.0,,,,70.0,176.0,9.0,30.5,,4.35,1.49,,37.0,127.0,,,,,combine-results-2026-WR.csv,
holdout,163734,Dillon Bell,GEORGIA,2025,2026,200.0,6.0,21.0,,,,72.75,209.0,9.5,30.25,,4.5,1.55,,39.0,126.0,,,,,combine-results-2026-WR.csv,
holdout,123874,CJ Daniels,MIAMI FL,2025,2026,208.0,6.0,29.0,,,,74.0,202.0,9.25,31.75,,,,,,,,,,,combine-results-2026-WR.csv,
holdout,147528,Chase Roberts,BYU,2025,2026,218.0,7.0,2.0,,,,75.0,209.0,9.75,31.5,,4.64,1.57,,37.0,126.0,,,,,combine-results-2026-WR.csv,
holdout,156448,Kaden Wetjen,IOWA,2025,2026,228.0,7.0,12.0,,,,69.0,193.0,8.5,29.625,,4.47,1.51,,35.5,,4.44,6.95,,,combine-results-2026-WR.csv,
holdout,157004,Kendrick Law,KENTUCKY,2025,2026,236.0,7.0,20.0,,,,71.0,203.0,9.625,31.125,,4.45,1.53,,42.0,128.0,,,21.0,,combine-results-2026-WR.csv,
holdout,157298,Jordan Hudson,SMU,2025,2026,247.0,7.0,31.0,,,,73.0,191.0,9.25,31.125,,,,,,,,,,,combine-results-2026-WR.csv,
holdout,143817,Lewis Bond,BOSTON COL,2025,2026,248.0,7.0,32.0,,,,,,,,,,,,,,,,,,,
holdout,157740,Caleb Douglas,TEXAS TECH,2025,2026,249.0,7.0,33.0,,,,75.5,206.0,10.125,32.5,,4.39,1.53,,31.5,126.0,,,,,combine-results-2026-WR.csv,
holdout,163779,Barion Brown,LSU,2025,2026,250.0,7.0,34.0,,,,71.0,177.0,9.0,31.5,,4.4,1.62,,,,,,,,combine-results-2026-WR.csv,
holdout,156582,Cyrus Allen,CINCINNATI,2025,2026,251.0,7.0,35.0,,,,,,,,,,,,,,,,,,,
train,9437,Amari Cooper,ALABAMA,2014,2015,4.0,1.0,4.0,1.0,,,73.0,211.0,10.0,31.5,,4.42,1.63,,33.0,120.0,3.98,6.71,,,2015_combine_results.csv,
train,9440,Kevin White,W VIRGINIA,2014,2015,7.0,1.0,7.0,0.0,,,75.0,215.0,9.25,32.625,,4.35,1.66,,36.5,118.0,4.14,6.92,23.0,,2015_combine_results.csv,
train,9447,DeVante Parker,LOUISVILLE,2014,2015,14.0,1.0,14.0,0.0,,,75.0,209.0,9.25,33.25,,4.45,1.56,,36.5,125.0,,,17.0,,2015_combine_results.csv,
train,9453,Nelson Agholor,USC,2014,2015,20.0,1.0,20.0,1.0,,,72.0,198.0,9.25,32.25,,4.42,1.53,,,,,,12.0,,2015_combine_results.csv,
train,9459,Breshad Perriman,UCF,2014,2015,26.0,1.0,26.0,0.0,,,74.0,212.0,9.25,32.0,,,,,,,,,,,2015_combine_results.csv,
train,9462,Phillip Dorsett,MIAMI FL,2014,2015,29.0,1.0,29.0,0.0,,,70.0,185.0,9.375,30.25,,4.33,1.54,,37.0,122.0,4.11,6.7,13.0,,2015_combine_results.csv,
train,9470,Devin Smith,OHIO STATE,2014,2015,37.0,2.0,5.0,0.0,,,72.0,196.0,9.0,31.0,,4.42,1.63,,39.0,122.0,4.15,,10.0,,2015_combine_results.csv,
train,9474,Devin Funchess,MICHIGAN,2014,2015,41.0,2.0,9.0,1.0,,,76.0,232.0,9.75,33.5,,4.7,1.67,,38.5,122.0,,,17.0,,2015_combine_results.csv,
train,9502,Tyler Lockett,KANSAS ST,2014,2015,69.0,3.0,5.0,0.0,,,70.0,182.0,8.375,30.0,,4.4,1.56,,35.5,121.0,4.07,6.89,,,2015_combine_results.csv,
train,9503,Jaelen Strong,ARIZONA ST,2014,2015,70.0,3.0,6.0,0.0,,,74.0,217.0,9.0,32.5,,4.44,1.62,,42.0,123.0,,,,,2015_combine_results.csv,
train,9509,Chris Conley,GEORGIA,2014,2015,76.0,3.0,12.0,0.0,,,74.0,213.0,9.875,33.75,,4.35,1.6,,45.0,139.0,4.3,7.06,18.0,,2015_combine_results.csv,
train,9520,Sammie Coates,AUBURN,2014,2015,87.0,3.0,23.0,0.0,,,73.0,212.0,9.375,33.375,,4.43,1.59,,41.0,131.0,4.06,6.98,23.0,,2015_combine_results.csv,
train,9527,Ty Montgomery,STANFORD,2014,2015,94.0,3.0,30.0,0.0,,,72.0,221.0,10.125,31.0,,4.55,1.62,,40.5,121.0,4.21,6.97,,,2015_combine_results.csv,
train,9538,Jamison Crowder,DUKE,2014,2015,105.0,4.0,6.0,1.0,,,68.0,185.0,8.75,30.375,,4.56,1.71,,37.0,115.0,4.32,7.17,10.0,,2015_combine_results.csv,
train,9540,Justin Hardy,E CAROLINA,2014,2015,107.0,4.0,8.0,0.0,,,70.0,192.0,10.0,32.125,,4.56,1.6,,36.5,114.0,4.21,6.63,11.0,,2015_combine_results.csv,
train,9556,Vince Mayle,WASH STATE,2014,2015,123.0,4.0,24.0,0.0,,,74.0,224.0,9.0,31.75,,4.67,1.71,,35.5,117.0,4.13,6.93,,,2015_combine_results.csv,
train,9565,DeAndre Smelter,GA TECH,2014,2015,132.0,4.0,33.0,0.0,,,74.0,226.0,11.0,32.625,,,,,,,,,,,2015_combine_results.csv,
train,9572,Rashad Greene Sr.,FLORIDA ST,2014,2015,139.0,5.0,3.0,0.0,,,71.0,182.0,9.0,31.625,,4.53,1.53,,36.5,122.0,4.12,6.88,,,2015_combine_results.csv,
train,9579,Stefon Diggs,MARYLAND,2014,2015,146.0,5.0,10.0,1.0,,,72.0,195.0,10.0,31.25,,4.46,1.54,,35.0,115.0,4.32,7.03,,,2015_combine_results.csv,
train,9589,Tony Lippett,MICH STATE,2014,2015,156.0,5.0,20.0,0.0,,,74.0,192.0,9.875,32.75,,4.61,1.68,,36.0,114.0,4.13,6.92,10.0,,2015_combine_results.csv,
train,9592,J.J. Nelson,UAB,2014,2015,159.0,5.0,23.0,0.0,,,70.0,156.0,8.25,31.125,,4.28,1.5,,36.0,127.0,4.15,7.02,,,2015_combine_results.csv,
train,9595,Kenny Bell,NEBRASKA,2014,2015,162.0,5.0,26.0,0.0,,,73.0,197.0,9.25,31.625,,4.42,1.57,,41.5,129.0,4.15,6.66,7.0,,2015_combine_results.csv,
train,9617,Kaelin Clay,UTAH,2014,2015,184.0,6.0,8.0,0.0,,,70.0,195.0,9.0,30.875,,4.51,1.65,,33.0,113.0,4.26,6.97,10.0,,2015_combine_results.csv,
train,9619,Geremy Davis,UCONN,2014,2015,186.0,6.0,10.0,0.0,,,74.0,216.0,9.5,32.25,,,,,36.5,124.0,4.18,6.86,23.0,,2015_combine_results.csv,
train,9620,Evan Spencer,OHIO STATE,2014,2015,187.0,6.0,11.0,0.0,,,,,,,,,,,,,,,,,,
train,9634,Bud Sasser,MISSOURI,2014,2015,201.0,6.0,25.0,0.0,,,,,,,,,,,,,,,,,,
train,9637,Darren Waller,GA TECH,2014,2015,204.0,6.0,28.0,0.0,,,78.0,238.0,9.0,33.25,,4.46,1.58,,37.0,125.0,4.25,7.07,12.0,,2015_combine_results.csv,
train,9654,Andre Debose,FLORIDA,2014,2015,221.0,7.0,4.0,0.0,,,,,,,,,,,,,,,,,,
train,9666,Da'Ron Brown,N ILLINOIS,2014,2015,233.0,7.0,16.0,0.0,,,72.0,205.0,10.25,32.0,,4.54,1.55,,37.0,120.0,4.11,7.04,17.0,,2015_combine_results.csv,
train,9671,Mario Alford,W VIRGINIA,2014,2015,238.0,7.0,21.0,0.0,,,68.0,180.0,9.375,31.25,,4.43,1.66,,34.0,121.0,4.07,6.64,13.0,,2015_combine_results.csv,
train,10649,Corey Coleman,BAYLOR,2015,2016,15.0,1.0,15.0,0.0,,,71.0,194.0,9.0,30.25,,4.42,,,40.5,129.0,,,17.0,,combine-results-2016-WR.csv,
train,10655,Will Fuller V,NOTRE DAME,2015,2016,21.0,1.0,21.0,0.0,,,72.0,186.0,8.25,30.75,,4.32,,,33.5,126.0,4.27,6.93,10.0,,combine-results-2016-WR.csv,
train,10656,Josh Doctson,TCU,2015,2016,22.0,1.0,22.0,0.0,,,74.0,202.0,9.88,31.88,,4.5,,,41.0,131.0,4.08,6.84,14.0,,combine-results-2016-WR.csv,
train,10657,Laquon Treadwell,OLE MISS,2015,2016,23.0,1.0,23.0,0.0,,,74.0,221.0,9.5,33.38,,4.52,,,33.0,117.0,,,12.0,,combine-results-2016-WR.csv,
train,10674,Sterling Shepard,OKLAHOMA,2015,2016,40.0,2.0,9.0,1.0,,,70.0,194.0,9.75,30.38,,4.48,,,41.0,123.0,4.35,7.0,20.0,,combine-results-2016-WR.csv,
train,10681,Michael Thomas,OHIO STATE,2015,2016,47.0,2.0,16.0,1.0,,,75.0,212.0,10.5,32.13,,4.57,,,35.0,126.0,4.13,6.8,18.0,,combine-results-2016-WR.csv,
train,10689,Tyler Boyd,PITTSBURGH,2015,2016,55.0,2.0,24.0,1.0,,,73.0,197.0,9.75,32.0,,4.58,,,34.0,119.0,4.35,6.9,11.0,,combine-results-2016-WR.csv,
train,10719,Braxton Miller,OHIO STATE,2015,2016,85.0,3.0,22.0,0.0,,,73.0,201.0,9.13,31.75,,4.5,,,35.0,123.0,4.07,6.65,17.0,,combine-results-2016-WR.csv,
train,10720,Leonte Carroo,RUTGERS,2015,2016,86.0,3.0,23.0,0.0,,,72.0,211.0,9.63,31.38,,4.5,,,35.5,120.0,,,14.0,,combine-results-2016-WR.csv,
train,10741,Chris Moore,CINCINNATI,2015,2016,107.0,4.0,9.0,0.0,,,73.0,206.0,9.38,33.38,,4.53,,,37.0,130.0,4.2,6.76,10.0,,combine-results-2016-WR.csv,
train,10746,Malcolm Mitchell,GEORGIA,2015,2016,112.0,4.0,14.0,0.0,,,72.0,198.0,10.5,32.63,,4.45,,,36.0,129.0,4.34,6.94,15.0,,combine-results-2016-WR.csv,
train,10748,Ricardo Louis,AUBURN,2015,2016,114.0,4.0,16.0,0.0,,,74.0,215.0,9.5,32.38,,4.43,,,38.0,132.0,,,18.0,,combine-results-2016-WR.csv,
train,10751,Pharoh Cooper,S CAROLINA,2015,2016,117.0,4.0,19.0,0.0,,,71.0,203.0,9.13,32.25,,4.52,,,31.0,115.0,,,15.0,,combine-results-2016-WR.csv,
train,10760,Demarcus Robinson,FLORIDA,2015,2016,126.0,4.0,28.0,0.0,,,73.0,203.0,9.5,33.0,,4.59,,,34.5,123.0,4.19,6.77,,,combine-results-2016-WR.csv,
train,10774,Tajae Sharpe,UMASS,2015,2016,140.0,5.0,1.0,0.0,,,74.0,194.0,8.38,32.25,,4.55,,,33.5,114.0,,,11.0,,combine-results-2016-WR.csv,
train,10788,Jordan Payton,UCLA,2015,2016,154.0,5.0,15.0,0.0,,,73.0,207.0,10.13,32.5,,4.47,,,34.5,121.0,4.33,7.08,,,combine-results-2016-WR.csv,
train,10797,Trevor Davis,CAL,2015,2016,163.0,5.0,26.0,0.0,,,73.0,188.0,10.0,31.0,,4.42,,,38.5,124.0,4.22,6.6,11.0,,combine-results-2016-WR.csv,
train,10806,Rashard Higgins,COLO STATE,2015,2016,172.0,5.0,35.0,0.0,,,73.0,196.0,9.75,32.25,,4.64,,,32.0,116.0,,,13.0,,combine-results-2016-WR.csv,
train,10820,Jakeem Grant Sr.,TEXAS TECH,2015,2016,186.0,6.0,11.0,0.0,,,,,,,,,,,,,,,,,,
train,10826,Kolby Listenbee,TCU,2015,2016,192.0,6.0,17.0,0.0,,,72.0,197.0,8.25,31.38,,4.39,,,35.5,129.0,,,15.0,,combine-results-2016-WR.csv,
train,10833,Cody Core,OLE MISS,2015,2016,199.0,6.0,24.0,0.0,,,75.0,205.0,,,,4.47,,,31.5,119.0,,,14.0,,combine-results-2016-WR.csv,
train,10840,Mike Thomas,SO MISS,2015,2016,206.0,6.0,31.0,0.0,,,,,,,,,,,,,,,,,,
train,10847,Aaron Burbridge,MICH STATE,2015,2016,213.0,6.0,38.0,0.0,,,72.0,206.0,8.25,31.63,,4.56,,,30.5,115.0,4.31,7.22,20.0,,combine-results-2016-WR.csv,
train,10859,Devin Lucien,ARIZONA ST,2015,2016,225.0,7.0,4.0,0.0,,,,,,,,,,,,,,,,,,
train,10863,De'Marcus Ayers,HOUSTON,2015,2016,229.0,7.0,8.0,0.0,,,69.0,182.0,9.25,31.25,,4.72,,,33.0,123.0,,,,,combine-results-2016-WR.csv,
train,10864,Daniel Braverman,W MICHIGAN,2015,2016,230.0,7.0,9.0,0.0,,,,,,,,,,,,,,,,,,
train,10872,Devin Fuller,UCLA,2015,2016,238.0,7.0,17.0,0.0,,,,,,,,,,,,,,,,,,
train,10875,Charone Peake,CLEMSON,2015,2016,241.0,7.0,20.0,0.0,,,74.0,209.0,9.25,34.0,,4.45,,,35.5,122.0,4.46,6.96,12.0,,combine-results-2016-WR.csv,
train,10877,Kenny Lawler,CAL,2015,2016,243.0,7.0,22.0,0.0,,,74.0,203.0,10.5,33.38,,4.64,,,31.0,111.0,4.2,7.13,,,combine-results-2016-WR.csv,
train,11760,Corey Davis,W MICHIGAN,2016,2017,5.0,1.0,5.0,1.0,,,75.0,209.0,9.13,33.0,,,,,,,,,,,combine-results-2017-WR.csv,
train,11762,Mike Williams,CLEMSON,2016,2017,7.0,1.0,7.0,1.0,,,76.0,218.0,9.38,33.38,,,,,32.5,121.0,,,15.0,,combine-results-2017-WR.csv,
train,11764,John Ross,WASHINGTON,2016,2017,9.0,1.0,9.0,1.0,,,71.0,188.0,8.75,31.5,,4.22,,,37.0,133.0,,,,,combine-results-2017-WR.csv,
train,11792,Zay Jones,E CAROLINA,2016,2017,37.0,2.0,5.0,0.0,,,74.0,201.0,9.0,32.5,,4.45,,,36.5,133.0,4.01,6.79,15.0,,combine-results-2017-WR.csv,
train,11817,JuJu Smith-Schuster,USC,2016,2017,62.0,2.0,30.0,1.0,,,73.0,215.0,10.5,32.88,,4.54,,,32.5,120.0,,,15.0,,combine-results-2017-WR.csv,
train,11827,Taywan Taylor,W KENTUCKY,2016,2017,72.0,3.0,8.0,0.0,,,71.0,203.0,9.25,32.63,,4.5,,,33.5,132.0,4.21,6.57,13.0,,combine-results-2017-WR.csv,
train,11834,ArDarius Stewart,ALABAMA,2016,2017,79.0,3.0,15.0,0.0,,,71.0,204.0,9.38,32.5,,4.49,,,34.0,124.0,,,,,combine-results-2017-WR.csv,
train,11837,Carlos Henderson,LA TECH,2016,2017,82.0,3.0,18.0,0.0,,,71.0,199.0,9.13,31.38,,4.46,,,36.0,131.0,4.35,7.18,13.0,,combine-results-2017-WR.csv,
train,11839,Chris Godwin,PENN STATE,2016,2017,84.0,3.0,20.0,1.0,,,73.0,209.0,,,,4.42,,,36.0,126.0,4.0,7.01,19.0,,combine-results-2017-WR.csv,
train,11851,Kenny Golladay,N ILLINOIS,2016,2017,96.0,3.0,32.0,1.0,,,76.0,218.0,9.75,32.0,,4.5,,,35.5,120.0,4.15,7.0,18.0,,combine-results-2017-WR.csv,
train,11861,Amara Darboh,MICHIGAN,2016,2017,106.0,3.0,42.0,0.0,,,74.0,214.0,9.88,32.63,,4.45,,,36.0,124.0,,,17.0,,combine-results-2017-WR.csv,
train,11865,Dede Westbrook,OKLAHOMA,2016,2017,110.0,4.0,3.0,0.0,,,72.0,178.0,,,,,,,,,,,,,combine-results-2017-WR.csv,
train,11872,Josh Reynolds,TEXAS A&M,2016,2017,117.0,4.0,10.0,0.0,,,75.0,194.0,9.38,31.5,,4.52,,,37.0,124.0,4.13,6.83,,,combine-results-2017-WR.csv,
train,11873,Mack Hollins,N CAROLINA,2016,2017,118.0,4.0,12.0,0.0,,,76.0,221.0,9.75,33.25,,4.53,,,,,,,,,combine-results-2017-WR.csv,
train,11883,Josh Malone,TENNESSEE,2016,2017,128.0,4.0,22.0,0.0,,,75.0,208.0,9.63,31.38,,4.4,,,30.5,121.0,4.19,7.05,10.0,,combine-results-2017-WR.csv,
train,11888,Ryan Switzer,N CAROLINA,2016,2017,133.0,4.0,27.0,0.0,,,68.0,181.0,9.25,28.0,,4.51,,,32.0,116.0,4.0,6.77,11.0,,combine-results-2017-WR.csv,
train,11894,Jehu Chesson,MICHIGAN,2016,2017,139.0,4.0,33.0,0.0,,,75.0,204.0,9.13,33.25,,4.47,,,35.5,132.0,4.09,6.7,10.0,,combine-results-2017-WR.csv,
train,11896,Chad Hansen,CAL,2016,2017,141.0,4.0,35.0,0.0,,,74.0,202.0,10.13,32.13,,4.53,,,35.0,119.0,4.13,6.74,11.0,,combine-results-2017-WR.csv,
train,11921,Shelton Gibson,W VIRGINIA,2016,2017,166.0,5.0,22.0,0.0,,,71.0,191.0,8.88,32.0,,4.5,,,32.0,118.0,4.2,6.83,8.0,,combine-results-2017-WR.csv,
train,11925,Rodney Adams,USF,2016,2017,170.0,5.0,27.0,0.0,,,73.0,189.0,9.0,32.0,,4.44,,,29.5,125.0,4.28,6.98,8.0,,combine-results-2017-WR.csv,
train,11927,Isaiah McKenzie,GEORGIA,2016,2017,172.0,5.0,29.0,0.0,,,67.0,173.0,,,,4.42,,,36.0,123.0,4.15,6.64,11.0,,combine-results-2017-WR.csv,
train,11930,DeAngelo Yancey,PURDUE,2016,2017,175.0,5.0,32.0,0.0,,,,,,,,,,,,,,,,,,
train,11932,Trent Taylor,LA TECH,2016,2017,177.0,5.0,34.0,0.0,,,68.0,181.0,8.25,28.75,,4.63,,,33.0,117.0,4.01,6.74,13.0,,combine-results-2017-WR.csv,
train,11964,Robert Davis,GA STATE,2016,2017,209.0,6.0,25.0,0.0,,,75.0,219.0,9.63,33.0,,4.44,,,41.0,136.0,4.28,6.82,19.0,,combine-results-2017-WR.csv,
train,11974,Stacy Coley,MIAMI FL,2016,2017,219.0,7.0,1.0,0.0,,,73.0,195.0,9.75,32.25,,4.45,,,34.0,122.0,,,10.0,,combine-results-2017-WR.csv,
train,11991,Isaiah Ford,VA TECH,2016,2017,237.0,7.0,19.0,0.0,,,73.0,194.0,9.25,32.63,,4.61,,,35.5,127.0,4.34,6.94,14.0,,combine-results-2017-WR.csv,
train,11993,Noah Brown,OHIO STATE,2016,2017,239.0,7.0,21.0,0.0,,,74.0,222.0,9.13,31.75,,,,,,,4.33,7.07,19.0,,combine-results-2017-WR.csv,
train,12002,Malachi Dupre,LSU,2016,2017,247.0,7.0,29.0,0.0,,,74.0,196.0,9.0,31.5,,4.52,,,39.5,135.0,4.26,7.19,11.0,,combine-results-2017-WR.csv,
train,48267,DJ Moore,MARYLAND,2017,2018,24.0,1.0,24.0,1.0,,,72.0,210.0,,,,4.42,,,39.5,132.0,4.07,6.95,15.0,,combine-results-2018-WR.csv,
train,48262,Calvin Ridley,ALABAMA,2017,2018,26.0,1.0,26.0,1.0,,,72.0,189.0,,,,4.43,,,31.0,110.0,4.41,6.88,15.0,,combine-results-2018-WR.csv,
train,48164,Courtland Sutton,SMU,2017,2018,40.0,2.0,8.0,1.0,,,75.0,218.0,,,,4.54,,,35.5,124.0,4.11,6.57,18.0,,combine-results-2018-WR.csv,
train,48113,Dante Pettis,WASHINGTON,2017,2018,44.0,2.0,12.0,0.0,,,72.0,186.0,,,,,,,,,,,,,combine-results-2018-WR.csv,
train,47546,Christian Kirk,TEXAS A&M,2017,2018,47.0,2.0,15.0,1.0,,,70.0,201.0,,,,4.47,,,35.5,115.0,4.45,7.09,20.0,,combine-results-2018-WR.csv,
train,48160,Anthony Miller,MEMPHIS,2017,2018,51.0,2.0,19.0,0.0,,,71.0,201.0,,,,,,,,,,,22.0,,combine-results-2018-WR.csv,
train,47792,James Washington,OKLA STATE,2017,2018,60.0,2.0,28.0,0.0,,,71.0,213.0,,,,4.54,,,34.5,120.0,4.32,7.11,14.0,,combine-results-2018-WR.csv,
train,47702,DJ Chark Jr.,LSU,2017,2018,61.0,2.0,29.0,1.0,,,75.0,199.0,,,,4.34,,,40.0,129.0,,,16.0,,combine-results-2018-WR.csv,
train,26075,Michael Gallup,COLO STATE,2017,2018,81.0,3.0,17.0,1.0,,,73.0,205.0,,,,4.51,,,36.0,122.0,4.37,6.95,10.0,,combine-results-2018-WR.csv,
train,48228,Tre'Quan Smith,UCF,2017,2018,91.0,3.0,27.0,0.0,,,74.0,203.0,,,,4.49,,,37.5,130.0,4.5,6.97,12.0,,combine-results-2018-WR.csv,
train,47698,Keke Coutee,TEXAS TECH,2017,2018,103.0,4.0,3.0,0.0,,,70.0,181.0,,,,4.43,,,34.5,113.0,4.15,6.93,14.0,,combine-results-2018-WR.csv,
train,48101,Antonio Callaway,FLORIDA,2016,2018,105.0,4.0,5.0,0.0,,,71.0,200.0,,,,4.41,,,34.0,121.0,,,,,combine-results-2018-WR.csv,
train,45416,DaeSean Hamilton,PENN STATE,2017,2018,113.0,4.0,13.0,0.0,,,73.0,203.0,,,,,,,34.5,118.0,4.15,6.84,,,combine-results-2018-WR.csv,
train,48097,Jaleel Scott,NEW MEX ST,2017,2018,132.0,4.0,32.0,0.0,,,77.0,218.0,,,,4.56,,,34.5,124.0,4.4,7.2,16.0,,combine-results-2018-WR.csv,
train,48316,J'Mon Moore,MISSOURI,2017,2018,133.0,4.0,33.0,0.0,,,75.0,207.0,,,,4.6,,,38.0,120.0,4.04,6.56,21.0,,combine-results-2018-WR.csv,
train,48202,Jordan Lasley,UCLA,2017,2018,162.0,5.0,25.0,0.0,,,73.0,203.0,,,,4.5,,,34.5,112.0,4.19,,8.0,,combine-results-2018-WR.csv,
train,47809,Marquez Valdes-Scantling,USF,2017,2018,174.0,5.0,37.0,0.0,,,76.0,206.0,,,,4.37,,,30.5,124.0,,,15.0,,combine-results-2018-WR.csv,
train,48182,Damion Ratley,TEXAS A&M,2017,2018,175.0,6.0,1.0,0.0,,,,,,,,,,,,,,,,,,
train,13597,Deon Cain,CLEMSON,2017,2018,185.0,6.0,11.0,0.0,,,74.0,202.0,,,,4.43,,,33.5,115.0,4.37,6.71,11.0,,combine-results-2018-WR.csv,
train,47895,Ray-Ray McCloud III,CLEMSON,2017,2018,187.0,6.0,13.0,0.0,,,69.0,190.0,,,,4.53,,,34.5,113.0,,,13.0,,combine-results-2018-WR.csv,
train,47782,Dylan Cantrell,TEXAS TECH,2017,2018,191.0,6.0,17.0,0.0,,,75.0,226.0,,,,4.59,,,38.5,130.0,4.03,6.56,18.0,,combine-results-2018-WR.csv,
train,44771,Russell Gage,LSU,2017,2018,194.0,6.0,20.0,0.0,,,,,,,,,,,,,,,,,,
train,47967,Equanimeous St. Brown,NOTRE DAME,2017,2018,207.0,6.0,33.0,0.0,,,77.0,214.0,,,,4.48,,,,,,,20.0,,combine-results-2018-WR.csv,
train,48170,Cedrick Wilson Jr.,BOISE ST,2017,2018,208.0,6.0,34.0,0.0,,,74.0,197.0,,,,4.55,,,37.0,121.0,4.23,6.89,9.0,,combine-results-2018-WR.csv,
train,47961,Braxton Berrios,MIAMI FL,2017,2018,210.0,6.0,36.0,0.0,,,69.0,184.0,,,,,,,,,,,11.0,,combine-results-2018-WR.csv,
train,41406,Javon Wims,GEORGIA,2017,2018,224.0,7.0,6.0,0.0,,,75.0,215.0,,,,4.53,,,33.5,113.0,,7.0,,,combine-results-2018-WR.csv,
train,23670,Marcell Ateman,OKLA STATE,2017,2018,228.0,7.0,10.0,0.0,,,76.0,216.0,,,,4.62,,,34.0,121.0,4.25,7.07,13.0,,combine-results-2018-WR.csv,
train,28991,Richie James,MIDDLE TN,2017,2018,240.0,7.0,22.0,0.0,,,70.0,183.0,,,,4.48,,,35.5,122.0,4.16,6.87,6.0,,combine-results-2018-WR.csv,
train,48192,Auden Tate,FLORIDA ST,2017,2018,253.0,7.0,35.0,0.0,,,77.0,228.0,,,,4.68,,,31.0,112.0,,,,,combine-results-2018-WR.csv,
train,48223,Austin Proehl,N CAROLINA,2017,2018,255.0,7.0,37.0,0.0,,,,,,,,,,,,,,,,,,
train,38276,Trey Quinn,SMU,2017,2018,256.0,7.0,38.0,0.0,,,71.0,203.0,,,,4.55,,,33.5,116.0,4.19,6.91,17.0,,combine-results-2018-WR.csv,
train,61568,Marquise Brown,OKLAHOMA,2018,2019,25.0,1.0,25.0,1.0,,,69.0,166.0,,,,,,,,,,,,,combine-results-2019-WR.csv,
train,48297,N'Keal Harry,ARIZONA ST,2018,2019,32.0,1.0,32.0,0.0,,,74.0,228.0,,,,4.53,,,38.5,122.0,,,27.0,,combine-results-2019-WR.csv,
train,48274,Deebo Samuel,S CAROLINA,2018,2019,36.0,2.0,4.0,0.0,,,71.0,214.0,,,,4.48,,,39.0,122.0,4.14,7.03,15.0,,combine-results-2019-WR.csv,
train,48327,A.J. Brown,OLE MISS,2018,2019,51.0,2.0,19.0,1.0,,,72.0,226.0,,,,4.49,,,36.5,120.0,,,19.0,,combine-results-2019-WR.csv,
train,42683,Mecole Hardman Jr.,GEORGIA,2018,2019,56.0,2.0,24.0,0.0,,,70.0,187.0,,,,4.33,,,36.5,119.0,,,17.0,,combine-results-2019-WR.csv,
train,35014,J.J. Arcega-Whiteside,STANFORD,2018,2019,57.0,2.0,25.0,0.0,,,74.0,225.0,,,,,,,,,,,,,combine-results-2019-WR.csv,
train,47940,Parris Campbell,OHIO STATE,2018,2019,59.0,2.0,27.0,0.0,,,72.0,205.0,,,,4.31,,,40.0,135.0,4.03,,11.0,,combine-results-2019-WR.csv,
train,47448,Andy Isabella,UMASS,2018,2019,62.0,2.0,30.0,0.0,,,69.0,188.0,,,,4.31,,,36.5,121.0,4.15,6.95,15.0,,combine-results-2019-WR.csv,
train,47864,D.K. Metcalf,OLE MISS,2018,2019,64.0,2.0,32.0,0.0,,,75.0,228.0,,,,4.33,,,40.5,134.0,4.5,7.38,27.0,,combine-results-2019-WR.csv,
train,33441,Diontae Johnson,TOLEDO,2018,2019,66.0,3.0,2.0,1.0,,,70.0,183.0,,,,4.53,,,33.5,123.0,4.45,7.09,15.0,,combine-results-2019-WR.csv,
train,45752,Jalen Hurd,BAYLOR,2018,2019,67.0,3.0,3.0,0.0,,,77.0,226.0,,,,,,,,,,,23.0,,combine-results-2019-WR.csv,
train,48229,Terry McLaurin,OHIO STATE,2018,2019,76.0,3.0,12.0,1.0,,,72.0,208.0,,,,4.35,,,37.5,125.0,4.15,7.01,18.0,,combine-results-2019-WR.csv,
train,48209,Miles Boykin,NOTRE DAME,2018,2019,93.0,3.0,29.0,0.0,,,76.0,220.0,,,,4.42,,,43.5,140.0,4.07,6.77,12.0,,combine-results-2019-WR.csv,
train,47928,Hakeem Butler,IOWA STATE,2018,2019,103.0,4.0,1.0,0.0,,,77.0,227.0,,,,4.48,,,36.0,128.0,,,18.0,,combine-results-2019-WR.csv,
train,48331,Gary Jennings,W VIRGINIA,2018,2019,120.0,4.0,18.0,0.0,,,73.0,214.0,,,,4.42,,,37.0,127.0,4.15,7.32,20.0,,combine-results-2019-WR.csv,
train,47933,Riley Ridley,GEORGIA,2018,2019,126.0,4.0,24.0,0.0,,,73.0,199.0,,,,4.58,,,30.5,124.0,4.28,7.22,13.0,,combine-results-2019-WR.csv,
train,47509,Hunter Renfrow,CLEMSON,2018,2019,149.0,5.0,11.0,1.0,,,70.0,184.0,,,,4.59,,,35.0,116.0,4.19,6.8,7.0,,combine-results-2019-WR.csv,
train,25578,Darius Slayton,AUBURN,2018,2019,171.0,5.0,33.0,1.0,,,73.0,190.0,,,,4.39,,,40.5,135.0,4.15,7.0,11.0,,combine-results-2019-WR.csv,
train,39587,KeeSean Johnson,FRESNO ST,2018,2019,174.0,6.0,1.0,0.0,,,73.0,201.0,,,,4.6,,,30.0,117.0,4.23,7.28,14.0,,combine-results-2019-WR.csv,
train,48023,Travis Fulgham,DOMINION,2018,2019,184.0,6.0,11.0,0.0,,,74.0,215.0,,,,4.58,,,36.5,126.0,,,15.0,,combine-results-2019-WR.csv,
train,38275,Juwann Winfree,COLORADO,2018,2019,187.0,6.0,14.0,0.0,,,,,,,,,,,,,,,,,,
train,47662,Marcus Green,LA MONROE,2018,2019,203.0,6.0,30.0,0.0,,,,,,,,,,,,,,,,,,
train,47931,Kelvin Harmon,NC STATE,2018,2019,206.0,6.0,33.0,0.0,,,74.0,221.0,,,,4.6,,,32.5,117.0,4.32,7.15,18.0,,combine-results-2019-WR.csv,
train,47481,Scott Miller,BOWL GREEN,2018,2019,208.0,6.0,35.0,0.0,,,,,,,,,,,,,,,,,,
train,26586,John Ursua,HAWAII,2018,2019,236.0,7.0,22.0,0.0,,,,,,,,,,,,,,,,,,
train,47946,Terry Godwin II,GEORGIA,2018,2019,237.0,7.0,23.0,0.0,,,71.0,184.0,,,,4.55,,,36.5,117.0,,6.96,,,combine-results-2019-WR.csv,
train,42338,Dillon Mitchell,OREGON,2018,2019,239.0,7.0,25.0,0.0,,,73.0,197.0,,,,4.46,,,36.5,122.0,4.29,,12.0,,combine-results-2019-WR.csv,
train,47882,Olabisi Johnson,COLO STATE,2018,2019,247.0,7.0,33.0,0.0,,,72.0,204.0,,,,4.51,,,38.0,124.0,4.16,6.88,14.0,,combine-results-2019-WR.csv,
train,61102,Henry Ruggs III,ALABAMA,2019,2020,12.0,1.0,12.0,0.0,,,71.0,188.0,,,,4.27,,,42.0,131.0,,,,,combine-results-2020-WR.csv,
train,61103,Jerry Jeudy,ALABAMA,2019,2020,15.0,1.0,15.0,1.0,,,73.0,193.0,,,,4.45,,,35.0,120.0,4.53,,,,combine-results-2020-WR.csv,
train,61570,CeeDee Lamb,OKLAHOMA,2019,2020,17.0,1.0,17.0,1.0,,,74.0,198.0,,,,4.5,,,34.5,124.0,,,11.0,,combine-results-2020-WR.csv,
train,61697,Jalen Reagor,TCU,2019,2020,21.0,1.0,21.0,0.0,,,71.0,206.0,,,,4.47,,,42.0,138.0,4.46,7.31,17.0,,combine-results-2020-WR.csv,
train,61398,Justin Jefferson,LSU,2019,2020,22.0,1.0,22.0,1.0,,,73.0,202.0,,,,4.43,,,37.5,126.0,,,,,combine-results-2020-WR.csv,
train,84109,Brandon Aiyuk,ARIZONA ST,2019,2020,25.0,1.0,25.0,1.0,,,72.0,205.0,,,,4.5,,,40.0,128.0,,,11.0,,combine-results-2020-WR.csv,
train,61211,Tee Higgins,CLEMSON,2019,2020,33.0,2.0,1.0,1.0,,,76.0,216.0,,,,,,,,,,,,,combine-results-2020-WR.csv,
train,29049,Michael Pittman Jr.,USC,2019,2020,34.0,2.0,2.0,1.0,,,76.0,223.0,,,,4.52,,,36.5,121.0,4.14,6.96,13.0,,combine-results-2020-WR.csv,
train,61220,Laviska Shenault Jr.,COLORADO,2019,2020,42.0,2.0,10.0,0.0,,,73.0,227.0,,,,4.58,,,,,,,17.0,,combine-results-2020-WR.csv,
train,61590,KJ Hamler,PENN STATE,2019,2020,46.0,2.0,14.0,0.0,,,69.0,178.0,,,,,,,,,,,15.0,,combine-results-2020-WR.csv,
train,42312,Chase Claypool,NOTRE DAME,2019,2020,49.0,2.0,17.0,1.0,,,76.0,238.0,,,,4.42,,,40.5,126.0,,,19.0,,combine-results-2020-WR.csv,
train,47447,Van Jefferson,FLORIDA,2019,2020,57.0,2.0,25.0,0.0,,,73.0,200.0,,,,,,,,,,,,,combine-results-2020-WR.csv,
train,47800,Denzel Mims,BAYLOR,2019,2020,59.0,2.0,27.0,0.0,,,75.0,207.0,,,,4.38,,,38.5,131.0,4.43,6.66,16.0,,combine-results-2020-WR.csv,
train,78050,Antonio Gibson,MEMPHIS,2019,2020,66.0,3.0,2.0,0.0,,,72.0,228.0,,,,4.39,,,35.0,118.0,,,16.0,,combine-results-2020-WR.csv,
train,28486,Bryan Edwards,S CAROLINA,2019,2020,81.0,3.0,17.0,0.0,,,75.0,212.0,,,,,,,,,,,,,combine-results-2020-WR.csv,
train,40006,Devin Duvernay,TEXAS,2019,2020,92.0,3.0,28.0,0.0,,,70.0,200.0,,,,4.39,,,35.5,123.0,4.2,7.13,,,combine-results-2020-WR.csv,
train,55410,Gabe Davis,UCF,2019,2020,128.0,4.0,22.0,1.0,,,74.0,216.0,,,,4.54,,,35.0,124.0,4.59,7.08,14.0,,combine-results-2020-WR.csv,
train,39993,Antonio Gandy-Golden,LIBERTY,2019,2020,142.0,4.0,36.0,0.0,,,76.0,223.0,,,,4.6,,,36.0,127.0,4.55,7.33,22.0,,combine-results-2020-WR.csv,
train,40221,Joe Reed,VIRGINIA,2019,2020,151.0,5.0,5.0,0.0,,,72.0,224.0,,,,4.47,,,38.0,123.0,,,21.0,,combine-results-2020-WR.csv,
train,48054,Tyler Johnson,MINNESOTA,2019,2020,161.0,5.0,15.0,0.0,,,73.0,206.0,,,,,,,,,,,,,combine-results-2020-WR.csv,
train,47808,Collin Johnson,TEXAS,2019,2020,165.0,5.0,19.0,0.0,,,78.0,222.0,,,,,,,,,,,17.0,,combine-results-2020-WR.csv,
train,29614,Quintez Cephus,WISCONSIN,2019,2020,166.0,5.0,20.0,0.0,,,73.0,202.0,,,,4.73,,,38.5,124.0,4.33,7.2,23.0,,combine-results-2020-WR.csv,
train,84142,John Hightower,BOISE ST,2019,2020,168.0,5.0,22.0,0.0,,,73.0,189.0,,,,4.43,,,38.5,122.0,4.21,7.07,,,combine-results-2020-WR.csv,
train,48236,Darnell Mooney,TULANE,2019,2020,173.0,5.0,27.0,1.0,,,70.0,176.0,,,,4.38,,,37.0,124.0,,,9.0,,combine-results-2020-WR.csv,
train,23503,K.J. Osborn,MIAMI FL,2019,2020,176.0,5.0,30.0,0.0,,,71.0,203.0,,,,4.48,,,37.5,123.0,4.35,7.0,18.0,,combine-results-2020-WR.csv,
train,61439,Donovan Peoples-Jones,MICHIGAN,2019,2020,187.0,6.0,8.0,0.0,,,74.0,212.0,,,,4.48,,,44.5,139.0,,,,,combine-results-2020-WR.csv,
train,61664,Quez Watkins,SO MISS,2019,2020,200.0,6.0,21.0,0.0,,,72.0,185.0,,,,4.35,,,36.5,125.0,4.36,7.28,,,combine-results-2020-WR.csv,
train,48037,James Proche II,SMU,2019,2020,201.0,6.0,22.0,0.0,,,71.0,201.0,,,,,,,34.5,,4.4,7.27,20.0,,combine-results-2020-WR.csv,
train,52130,Isaiah Hodgins,OREGON ST,2019,2020,207.0,6.0,28.0,1.0,,,76.0,210.0,,,,4.61,,,36.5,124.0,4.12,7.01,9.0,,combine-results-2020-WR.csv,
train,48329,Dezmon Patmon,WASH STATE,2019,2020,212.0,6.0,33.0,0.0,,,76.0,225.0,,,,4.48,,,36.0,132.0,4.38,7.28,15.0,,combine-results-2020-WR.csv,
train,26448,Freddie Swain,FLORIDA,2019,2020,214.0,6.0,35.0,0.0,,,72.0,197.0,,,,4.46,,,36.5,124.0,4.26,7.05,16.0,,combine-results-2020-WR.csv,
train,48027,Jauan Jennings,TENNESSEE,2019,2020,217.0,7.0,3.0,0.0,,,75.0,215.0,,,,4.72,,,29.0,119.0,,,,,combine-results-2020-WR.csv,
train,28025,K.J. Hill,OHIO STATE,2019,2020,220.0,7.0,6.0,0.0,,,72.0,196.0,,,,4.6,,,32.5,114.0,,,17.0,,combine-results-2020-WR.csv,
train,42134,Tyrie Cleveland,FLORIDA,2019,2020,252.0,7.0,38.0,0.0,,,74.0,209.0,,,,4.46,,,39.5,126.0,,,13.0,,combine-results-2020-WR.csv,
train,84270,Ja'Marr Chase,LSU,2019,2021,5.0,1.0,5.0,1.0,,,72.0,201.0,,,,4.34,,,41.0,132.0,3.99,6.96,,,combine-results-2021-WR.csv,
train,84088,Jaylen Waddle,ALABAMA,2020,2021,6.0,1.0,6.0,1.0,,,,,,,,,,,,,,,,,,
train,61100,DeVonta Smith,ALABAMA,2020,2021,10.0,1.0,10.0,1.0,,,,,,,,,,,,,,,,,,
train,61245,Kadarius Toney,FLORIDA,2020,2021,20.0,1.0,20.0,0.0,,,71.0,193.0,,,,4.39,,,39.5,136.0,4.25,6.88,9.0,,combine-results-2021-WR.csv,
train,84296,Rashod Bateman,MINNESOTA,2020,2021,27.0,1.0,27.0,0.0,,,72.0,190.0,,,,4.39,,,36.0,123.0,,,,,combine-results-2021-WR.csv,
train,84302,Elijah Moore,OLE MISS,2020,2021,34.0,2.0,2.0,1.0,,,,,,,,4.35,,,36.0,121.0,4.07,6.63,17.0,,combine-results-2021-WR.csv,
train,62890,Rondale Moore,PURDUE,2020,2021,49.0,2.0,17.0,0.0,,,67.0,180.0,,,,4.28,,,42.5,,4.06,6.65,,,combine-results-2021-WR.csv,
train,29573,D'Wayne Eskridge,W MICHIGAN,2020,2021,56.0,2.0,24.0,0.0,,,68.0,190.0,,,,4.38,,,35.0,124.0,4.22,6.93,,,combine-results-2021-WR.csv,
train,77965,Tutu Atwell,LOUISVILLE,2020,2021,57.0,2.0,25.0,0.0,,,68.0,155.0,,,,4.42,,,33.0,117.0,4.14,6.89,,,combine-results-2021-WR.csv,
train,84271,Terrace Marshall Jr.,LSU,2020,2021,59.0,2.0,27.0,0.0,,,74.0,205.0,,,,4.4,,,39.0,125.0,,,19.0,,combine-results-2021-WR.csv,
train,62979,Joshua Palmer,TENNESSEE,2020,2021,77.0,3.0,13.0,0.0,,,,,,,,,,,,,,,,,,
train,77986,Dyami Brown,N CAROLINA,2020,2021,82.0,3.0,18.0,0.0,,,72.0,189.0,,,,4.46,,,35.0,128.0,4.35,6.87,18.0,,combine-results-2021-WR.csv,
train,61212,Amari Rodgers,CLEMSON,2020,2021,85.0,3.0,21.0,0.0,,,69.0,212.0,,,,4.52,,,33.0,121.0,4.31,7.07,19.0,,combine-results-2021-WR.csv,
train,61441,Nico Collins,MICHIGAN,2019,2021,89.0,3.0,25.0,1.0,,,76.0,215.0,,,,4.43,,,37.5,125.0,4.29,6.78,14.0,,combine-results-2021-WR.csv,
train,84135,Anthony Schwartz,AUBURN,2020,2021,91.0,3.0,27.0,0.0,,,72.0,186.0,,,,4.27,,,32.0,123.0,4.25,7.13,,,combine-results-2021-WR.csv,
train,42349,Dez Fitzpatrick,LOUISVILLE,2020,2021,109.0,4.0,4.0,0.0,,,73.0,208.0,,,,4.43,,,35.0,,4.26,7.09,,,combine-results-2021-WR.csv,
train,84470,Amon-Ra St. Brown,USC,2020,2021,112.0,4.0,7.0,1.0,,,71.0,197.0,,,,4.51,,,38.5,127.0,4.17,6.88,20.0,,combine-results-2021-WR.csv,
train,61522,Jaelon Darden,N TEXAS,2020,2021,129.0,4.0,24.0,0.0,,,67.0,174.0,,,,4.47,,,35.5,122.0,3.98,6.66,,,combine-results-2021-WR.csv,
train,61577,Tylan Wallace,OKLA STATE,2020,2021,131.0,4.0,26.0,0.0,,,71.0,194.0,,,,4.48,,,33.0,112.0,4.25,6.97,11.0,,combine-results-2021-WR.csv,
train,61324,Ihmir Smith-Marsette,IOWA,2020,2021,157.0,5.0,13.0,0.0,,,72.0,181.0,,,,4.43,,,37.0,124.0,4.2,7.0,,,combine-results-2021-WR.csv,
train,84424,Simi Fehoko,STANFORD,2020,2021,179.0,5.0,35.0,0.0,,,75.0,222.0,,,,4.44,,,34.5,120.0,4.26,6.78,16.0,,combine-results-2021-WR.csv,
train,40689,Cornell Powell,CLEMSON,2020,2021,181.0,5.0,37.0,0.0,,,72.0,204.0,,,,4.53,,,36.5,128.0,4.21,7.03,16.0,,combine-results-2021-WR.csv,
train,40988,Frank Darby,ARIZONA ST,2020,2021,187.0,6.0,3.0,0.0,,,72.0,201.0,,,,4.56,,,34.5,117.0,4.25,7.05,19.0,,combine-results-2021-WR.csv,
train,41838,Marquez Stevenson,HOUSTON,2020,2021,203.0,6.0,19.0,0.0,,,70.0,180.0,,,,4.48,,,33.0,122.0,4.14,6.76,,,combine-results-2021-WR.csv,
train,61643,Shi Smith,S CAROLINA,2020,2021,204.0,6.0,20.0,0.0,,,,,,,,,,,,,,,,,,
train,61401,Racey McMath,LSU,2020,2021,205.0,6.0,21.0,0.0,,,74.0,217.0,,,,4.36,,,34.0,124.0,4.38,7.38,,,combine-results-2021-WR.csv,
train,40986,Jalen Camp,GA TECH,2020,2021,209.0,6.0,25.0,0.0,,,73.0,226.0,,,,4.48,,,39.5,125.0,4.14,7.0,29.0,,combine-results-2021-WR.csv,
train,84137,Seth Williams,AUBURN,2020,2021,219.0,6.0,35.0,0.0,,,75.0,211.0,,,,4.49,,,37.0,124.0,4.43,7.2,12.0,,combine-results-2021-WR.csv,
train,61510,Dazz Newsome,N CAROLINA,2020,2021,221.0,6.0,37.0,0.0,,,70.0,190.0,,,,4.59,,,34.0,121.0,4.38,7.38,12.0,,combine-results-2021-WR.csv,
train,40445,Tre Nixon,UCF,2020,2021,242.0,7.0,15.0,0.0,,,72.0,187.0,,,,4.44,,,35.5,125.0,4.27,6.81,18.0,,combine-results-2021-WR.csv,
train,27948,Ben Skowronek,NOTRE DAME,2020,2021,249.0,7.0,22.0,0.0,,,74.0,220.0,,,,,,,,,,,13.0,,combine-results-2021-WR.csv,
train,61639,Kawaan Baker,S ALABAMA,2020,2021,255.0,7.0,28.0,0.0,,,72.0,210.0,,,,4.44,,,39.5,129.0,4.41,7.42,21.0,,combine-results-2021-WR.csv,
train,84147,Dax Milne,BYU,2020,2021,258.0,7.0,31.0,0.0,,,,,,,,4.54,,,31.0,114.0,4.19,,14.0,,combine-results-2021-WR.csv,
train,86519,Drake London,USC,2021,2022,8.0,1.0,8.0,1.0,,,76.0,219.0,,,,,,,,,,,,,combine-results-2022-WR.csv,
train,97405,Garrett Wilson,OHIO STATE,2021,2022,10.0,1.0,10.0,1.0,,,72.0,183.0,,,,4.38,,,36.0,123.0,4.36,,,,combine-results-2022-WR.csv,
train,84355,Chris Olave,OHIO STATE,2021,2022,11.0,1.0,11.0,1.0,,,72.0,187.0,,,,4.39,,,32.0,124.0,,,,,combine-results-2022-WR.csv,
train,101701,Jameson Williams,ALABAMA,2021,2022,12.0,1.0,12.0,1.0,,,74.0,179.0,,,,,,,,,,,,,combine-results-2022-WR.csv,
train,84375,Jahan Dotson,PENN STATE,2021,2022,16.0,1.0,16.0,1.0,,,71.0,178.0,,,,4.43,,,36.0,121.0,,7.28,,,combine-results-2022-WR.csv,
train,99218,Treylon Burks,ARKANSAS,2021,2022,18.0,1.0,18.0,0.0,,,74.0,225.0,,,,4.55,,,33.0,122.0,,7.28,,,combine-results-2022-WR.csv,
train,101735,Wan'Dale Robinson,KENTUCKY,2021,2022,43.0,2.0,11.0,0.0,,,68.0,178.0,,,,4.44,,,34.5,118.0,,,,,combine-results-2022-WR.csv,
train,97400,John Metchie III,ALABAMA,2021,2022,44.0,2.0,12.0,0.0,,,71.0,187.0,,,,,,,,,,,,,combine-results-2022-WR.csv,
train,78092,Tyquan Thornton,BAYLOR,2021,2022,50.0,2.0,18.0,0.0,,,74.0,181.0,,,,4.28,,,36.5,130.0,,,,,combine-results-2022-WR.csv,
train,99229,George Pickens,GEORGIA,2021,2022,52.0,2.0,20.0,1.0,,,75.0,195.0,,,,4.47,,,33.0,125.0,,,,,combine-results-2022-WR.csv,
train,78038,Alec Pierce,CINCINNATI,2021,2022,53.0,2.0,21.0,0.0,,,75.0,211.0,,,,4.41,,,40.5,129.0,4.28,7.13,,,combine-results-2022-WR.csv,
train,97116,Skyy Moore,W MICHIGAN,2021,2022,54.0,2.0,22.0,0.0,,,70.0,195.0,,,,4.41,,,34.5,125.0,4.32,7.13,,,combine-results-2022-WR.csv,
train,40573,Velus Jones Jr.,TENNESSEE,2021,2022,71.0,3.0,7.0,0.0,,,72.0,204.0,,,,4.31,,,33.0,121.0,,,,,combine-results-2022-WR.csv,
train,61637,Jalen Tolbert,S ALABAMA,2021,2022,88.0,3.0,24.0,0.0,,,73.0,194.0,,,,4.49,,,36.0,123.0,,7.08,,,combine-results-2022-WR.csv,
train,97989,David Bell,PURDUE,2021,2022,99.0,3.0,35.0,0.0,,,73.0,212.0,,,,4.65,,,33.0,118.0,4.57,7.14,,,combine-results-2022-WR.csv,
train,121926,Danny Gray,SMU,2021,2022,105.0,3.0,41.0,0.0,,,72.0,186.0,,,,4.33,,,34.0,126.0,,,,,combine-results-2022-WR.csv,
train,78148,Erik Ezukanma,TEXAS TECH,2021,2022,125.0,4.0,20.0,0.0,,,74.0,209.0,,,,,,,36.5,126.0,4.38,,,,combine-results-2022-WR.csv,
train,84329,Romeo Doubs,NEVADA,2021,2022,132.0,4.0,27.0,0.0,,,74.0,201.0,,,,,,,,,,,,,combine-results-2022-WR.csv,
train,61418,Calvin Austin III,MEMPHIS,2021,2022,138.0,4.0,33.0,0.0,,,68.0,170.0,,,,4.32,,,39.0,135.0,4.07,6.65,,,combine-results-2022-WR.csv,
train,84140,Khalil Shakir,BOISE ST,2021,2022,148.0,5.0,5.0,1.0,,,72.0,196.0,,,,4.43,,,34.5,124.0,4.21,7.28,,,combine-results-2022-WR.csv,
train,84463,Kyle Philips,UCLA,2021,2022,163.0,5.0,20.0,0.0,,,71.0,189.0,,,,4.58,,,33.5,124.0,,,,,combine-results-2022-WR.csv,
train,84292,Jalen Nailor,MICH STATE,2021,2022,191.0,6.0,12.0,0.0,,,71.0,186.0,,,,4.5,,,38.0,128.0,4.28,7.03,,,combine-results-2022-WR.csv,
train,84117,Michael Woods II,OKLAHOMA,2021,2022,202.0,6.0,23.0,0.0,,,73.0,204.0,,,,4.55,,,34.5,125.0,,,,,combine-results-2022-WR.csv,
train,61610,Bo Melton,RUTGERS,2021,2022,229.0,7.0,8.0,0.0,,,71.0,189.0,,,,4.34,,,38.0,121.0,,6.98,,,combine-results-2022-WR.csv,
train,25276,Samori Toure,NEBRASKA,2021,2022,258.0,7.0,37.0,0.0,,,,,,,,,,,,,,,,,,
train,129758,Jaxon Smith-Njigba,OHIO STATE,2022,2023,20.0,1.0,20.0,1.0,,,73.0,196.0,,,,,,,35.0,125.0,3.93,6.57,,,combine-results-2023-WR.csv,
train,123085,Quentin Johnston,TCU,2022,2023,21.0,1.0,21.0,1.0,,,75.0,208.0,,,,,,,40.5,134.0,,,,,combine-results-2023-WR.csv,
train,97268,Zay Flowers,BOSTON COL,2022,2023,22.0,1.0,22.0,1.0,,,69.0,182.0,,,,4.42,,,35.5,127.0,,,,,combine-results-2023-WR.csv,
train,123000,Jordan Addison,USC,2022,2023,23.0,1.0,23.0,1.0,,,71.0,173.0,,,,4.49,,,34.0,122.0,,,,,combine-results-2023-WR.csv,
train,97774,Jonathan Mingo,OLE MISS,2022,2023,39.0,2.0,8.0,0.0,,,74.0,220.0,,,,4.46,,,39.5,129.0,,,22.0,,combine-results-2023-WR.csv,
train,78171,Jayden Reed,MICH STATE,2022,2023,50.0,2.0,19.0,1.0,,,71.0,187.0,,,,4.45,,,33.5,121.0,4.29,,,,combine-results-2023-WR.csv,
train,97605,Rashee Rice,SMU,2022,2023,55.0,2.0,24.0,1.0,,,73.0,204.0,,,,4.51,,,41.0,128.0,,,,,combine-results-2023-WR.csv,
train,122937,Marvin Mims Jr.,OKLAHOMA,2022,2023,63.0,2.0,32.0,0.0,,,71.0,183.0,,,,4.38,,,39.5,129.0,,6.9,,,combine-results-2023-WR.csv,
train,78874,Tank Dell,HOUSTON,2022,2023,69.0,3.0,6.0,1.0,,,68.0,165.0,,,,4.49,,,,121.0,,,,,combine-results-2023-WR.csv,
train,124282,Jalin Hyatt,TENNESSEE,2022,2023,73.0,3.0,10.0,0.0,,,72.0,176.0,,,,4.4,,,40.0,135.0,,,,,combine-results-2023-WR.csv,
train,84434,Cedric Tillman,TENNESSEE,2022,2023,74.0,3.0,11.0,0.0,,,75.0,213.0,,,,4.54,,,37.0,128.0,,,,,combine-results-2023-WR.csv,
train,122832,Josh Downs,N CAROLINA,2022,2023,79.0,3.0,16.0,1.0,,,69.0,171.0,,,,4.48,,,38.5,131.0,,,,,combine-results-2023-WR.csv,
train,84423,Michael Wilson,STANFORD,2022,2023,94.0,3.0,31.0,1.0,,,74.0,213.0,,,,4.58,,,37.5,125.0,4.27,,23.0,,combine-results-2023-WR.csv,
train,101106,Tre Tucker,CINCINNATI,2022,2023,100.0,3.0,37.0,0.0,,,69.0,182.0,,,,4.4,,,37.5,124.0,,,,,combine-results-2023-WR.csv,
train,78196,Derius Davis,TCU,2022,2023,125.0,4.0,23.0,0.0,,,68.0,165.0,,,,4.36,,,,,4.38,,,,combine-results-2023-WR.csv,
train,55038,Charlie Jones,PURDUE,2022,2023,131.0,4.0,29.0,0.0,,,71.0,175.0,,,,4.43,,,36.5,124.0,,,13.0,,combine-results-2023-WR.csv,
train,123578,Tyler Scott,CINCINNATI,2022,2023,133.0,4.0,31.0,0.0,,,70.0,177.0,,,,4.44,,,39.5,133.0,,,,,combine-results-2023-WR.csv,
train,84376,Justin Shorter,FLORIDA,2022,2023,150.0,5.0,15.0,0.0,,,76.0,229.0,,,,4.55,,,35.5,126.0,,,18.0,,combine-results-2023-WR.csv,
train,99711,Dontayvion Wicks,VIRGINIA,2022,2023,159.0,5.0,24.0,0.0,,,73.0,206.0,,,,4.62,,,39.0,130.0,,,,,combine-results-2023-WR.csv,
train,100632,Puka Nacua,BYU,2022,2023,177.0,5.0,42.0,1.0,,,74.0,201.0,,,,,,,,,,,,,combine-results-2023-WR.csv,
train,129799,Parker Washington,PENN STATE,2022,2023,185.0,6.0,8.0,1.0,,,70.0,204.0,,,,,,,,,,,16.0,,combine-results-2023-WR.csv,
train,124087,Kayshon Boutte,LSU,2022,2023,187.0,6.0,10.0,0.0,,,71.0,195.0,,,,4.5,,,29.0,118.0,4.25,,,,combine-results-2023-WR.csv,
train,99248,Trey Palmer,NEBRASKA,2022,2023,191.0,6.0,14.0,0.0,,,72.0,192.0,,,,4.33,,,,,,,,,combine-results-2023-WR.csv,
train,77975,A.T. Perry,WAKE,2022,2023,195.0,6.0,18.0,0.0,,,76.0,198.0,,,,4.47,,,35.0,133.0,,,,,combine-results-2023-WR.csv,
train,122518,Xavier Hutchinson,IOWA STATE,2022,2023,205.0,6.0,28.0,0.0,,,74.0,203.0,,,,4.53,,,36.0,116.0,4.35,6.91,,,combine-results-2023-WR.csv,
train,104155,Demario Douglas,LIBERTY,2022,2023,210.0,6.0,33.0,0.0,,,68.0,179.0,,,,4.44,,,39.5,134.0,4.29,,,,combine-results-2023-WR.csv,
train,77985,Antoine Green,N CAROLINA,2022,2023,219.0,7.0,2.0,0.0,,,74.0,199.0,,,,4.47,,,33.5,123.0,4.27,6.99,,,combine-results-2023-WR.csv,
train,111284,Jalen Brooks,S CAROLINA,2022,2023,244.0,7.0,27.0,0.0,,,73.0,201.0,,,,4.69,,,35.0,130.0,4.31,7.15,,,combine-results-2023-WR.csv,
train,84288,Ronnie Bell,MICHIGAN,2022,2023,253.0,7.0,36.0,0.0,,,72.0,191.0,,,,4.54,,,38.5,120.0,4.15,6.98,14.0,,combine-results-2023-WR.csv,
train,111276,Grant DuBose,CHARLOTTE,2022,2023,256.0,7.0,39.0,0.0,,,74.0,201.0,,,,4.57,,,35.0,125.0,4.32,6.89,,,combine-results-2023-WR.csv,
